ID,AREA,Zona,Com,Comuna,xcoord,ycoord
103,837.75000,103.00000,13105,El Bosque,346043.18735,6285611.65208
104,998.81250,104.00000,13105,El Bosque,344798.10057,6286014.91602
106,286.25000,106.00000,13105,El Bosque,343242.17900,6285147.30253
115,857.43750,115.00000,13105,El Bosque,344156.98963,6286365.17408
116,853.93750,116.00000,13105,El Bosque,345416.38704,6285737.55058
194,597.93750,194.00000,13110,La Florida,353160.94375,6286094.23892
195,409.87500,195.00000,13110,La Florida,354211.05645,6286187.09599
208,657.31250,208.00000,13110,La Florida,350800.63315,6286045.66116
210,183.62500,210.00000,13110,La Florida,351597.95606,6285942.66525
233,508.00000,233.00000,13110,La Florida,352304.60149,6285945.00112
247,143.87500,247.00000,13111,La Granja,349675.46795,6286353.11006
248,623.50000,248.00000,13111,La Granja,348831.81901,6286213.98262
387,593.00000,387.00000,13119,Maipú,333410.21083,6287260.07484
391,844.00000,391.00000,13119,Maipú,335600.64092,6286381.15914
392,205.50000,392.00000,13119,Maipú,337652.37287,6288041.75909
418,371.25000,418.00000,13119,Maipú,334955.11927,6285005.95158
660,37.68750,660.00000,13131,San Ramón,348244.00873,6286406.37809
663,457.56250,663.00000,13131,San Ramón,347667.18772,6286133.98254
664,601.68750,664.00000,13131,San Ramón,346871.27187,6286264.97035
694,62.00000,694.00000,13201,Puente Alto,359595.10641,6284633.20050
695,412.00000,695.00000,13201,Puente Alto,356958.33475,6285786.82929
699,726.00000,699.00000,13201,Puente Alto,355302.61023,6286265.03488
767,839.25000,767.00000,13401,San Bernardo,342131.55887,6287289.79620
777,517.00000,777.00000,13401,San Bernardo,338326.59032,6284345.35212
778,153.50000,778.00000,13401,San Bernardo,340117.44914,6287355.19718
779,969.00000,779.00000,13401,San Bernardo,342150.70874,6285693.68596
812,152.00000,812.00000,13501,Melipilla,307813.74500,6281927.99115
851,635.25000,851.00000,13604,Padre Hurtado,332161.55467,6285611.14498
853,752.00000,853.00000,13604,Padre Hurtado,328497.33344,6284606.09539
854,236.00000,854.00000,13604,Padre Hurtado,324219.35364,6285964.39177
811,16.00000,811.00000,13501,Melipilla,280912.27226,6272774.43109
813,696.00000,813.00000,13501,Melipilla,291950.33434,6252103.42901
814,736.00000,814.00000,13501,Melipilla,288114.69308,6267529.58626
815,928.00000,815.00000,13501,Melipilla,305800.80606,6258163.17845
817,176.00000,817.00000,13501,Melipilla,291741.58967,6277288.28110
782,788.00000,782.00000,13401,San Bernardo,336061.43775,6270804.93397
786,472.00000,786.00000,13402,Buin,336416.82912,6266137.82295
790,641.00000,790.00000,13402,Buin,334704.14805,6263761.48671
791,852.00000,791.00000,13402,Buin,332412.77238,6258765.91541
794,35.00000,794.00000,13403,Calera de Tango,333523.81917,6275497.38706
796,202.50000,796.00000,13403,Calera de Tango,336980.34558,6275057.82728
797,750.25000,797.00000,13403,Calera de Tango,335429.21578,6278186.19660
798,512.50000,798.00000,13403,Calera de Tango,336089.96062,6276883.63516
799,380.93750,799.00000,13403,Calera de Tango,335928.55292,6277469.24286
800,702.50000,800.00000,13403,Calera de Tango,336517.69692,6282145.08505
801,425.50000,801.00000,13403,Calera de Tango,335913.26758,6280742.42368
802,412.00000,802.00000,13403,Calera de Tango,335804.99370,6279390.98130
803,268.50000,803.00000,13403,Calera de Tango,333808.81065,6282060.46597
832,362.75000,832.00000,13602,El Monte,310701.12448,6270417.23925
834,928.00000,834.00000,13602,El Monte,308182.77374,6273617.67311
835,656.00000,835.00000,13602,El Monte,308349.92767,6268932.47255
844,760.00000,844.00000,13603,Isla de Maipúo,309918.69784,6264757.80228
804,23.65625,804.00000,13501,Melipilla,295619.14947,6270666.90819
806,698.00000,806.00000,13501,Melipilla,294019.56560,6269519.37329
807,821.00000,807.00000,13501,Melipilla,294946.64893,6269218.87061
809,279.00000,809.00000,13501,Melipilla,297129.31788,6269962.17541
810,718.50000,810.00000,13501,Melipilla,292611.59098,6270050.03782
816,432.00000,816.00000,13501,Melipilla,300955.68042,6273485.27380
808,545.75000,808.00000,13501,Melipilla,295291.98149,6271399.80766
805,478.50000,805.00000,13501,Melipilla,293587.50305,6271116.66915
818,680.00000,818.00000,13601,Talagante,329519.71636,6271259.93648
820,350.00000,820.00000,13601,Talagante,319842.54821,6272073.13868
821,376.50000,821.00000,13601,Talagante,322393.40751,6274163.73771
824,988.50000,824.00000,13601,Talagante,322663.62725,6272365.30011
825,869.50000,825.00000,13601,Talagante,323412.95791,6275977.88497
826,703.00000,826.00000,13601,Talagante,323669.91989,6271493.38764
827,172.00000,827.00000,13601,Talagante,317878.63987,6269303.78534
830,481.25000,830.00000,13602,El Monte,316304.40475,6271673.13652
831,131.50000,831.00000,13602,El Monte,313311.94638,6270667.71713
833,715.50000,833.00000,13602,El Monte,314456.15176,6270169.27561
839,610.00000,839.00000,13603,Isla de Maipúo,323415.47822,6263729.86636
840,303.50000,840.00000,13603,Isla de Maipúo,323618.28484,6265631.13196
842,961.37500,842.00000,13603,Isla de Maipúo,323056.05375,6261967.64879
843,12.00000,843.00000,13603,Isla de Maipúo,326946.70663,6267072.34196
847,634.50000,847.00000,13603,Isla de Maipúo,322271.52609,6264485.53716
861,54.37500,861.00000,13605,Peñaflor,323398.22399,6279950.54031
864,868.00000,864.00000,13605,Peñaflor,321568.33788,6278562.81739
845,448.00000,845.00000,13603,Isla de Maipúo,318430.19059,6263419.13457
836,958.50000,836.00000,13602,El Monte,312574.24304,6268508.48475
837,236.00000,837.00000,13602,El Monte,315075.93265,6274754.89677
823,289.75000,823.00000,13601,Talagante,320775.06461,6275113.64978
829,539.75000,829.00000,13601,Talagante,319370.46220,6275093.43817
841,579.75000,841.00000,13603,Isla de Maipúo,324201.59356,6262964.64509
846,364.00000,846.00000,13603,Isla de Maipúo,327027.20615,6261953.37745
838,846.50000,838.00000,13603,Isla de Maipúo,327264.70203,6265030.22857
819,660.06250,819.00000,13601,Talagante,328551.34385,6270233.62158
793,430.50000,793.00000,13403,Calera de Tango,332418.55105,6279603.56323
795,796.00000,795.00000,13403,Calera de Tango,330275.33311,6276523.44171
859,970.50000,859.00000,13605,Peñaflor,326557.35216,6279319.91316
860,391.00000,860.00000,13605,Peñaflor,327996.87004,6280256.26223
863,498.37500,863.00000,13605,Peñaflor,327581.21851,6278811.97952
865,716.00000,865.00000,13605,Peñaflor,329092.79854,6279763.17151
822,669.50000,822.00000,13601,Talagante,325952.08062,6276702.59945
828,355.50000,828.00000,13601,Talagante,326560.64385,6275605.11955
862,481.43750,862.00000,13605,Peñaflor,326501.55890,6277476.27889
857,627.00000,857.00000,13605,Peñaflor,325829.13122,6280561.82160
866,764.50000,866.00000,13605,Peñaflor,326186.15691,6282080.34315
856,831.12500,856.00000,13605,Peñaflor,324184.21143,6280557.56034
858,81.12500,858.00000,13605,Peñaflor,324492.99231,6279493.12537
848,909.00000,848.00000,13604,Padre Hurtado,333030.47544,6284184.59931
849,932.50000,849.00000,13604,Padre Hurtado,331544.99160,6282715.02559
850,761.25000,850.00000,13604,Padre Hurtado,331265.15411,6285015.80276
855,312.50000,855.00000,13604,Padre Hurtado,330858.75024,6281919.01222
852,350.50000,852.00000,13604,Padre Hurtado,330139.17981,6284215.87289
709,790.62500,709.00000,13201,Puente Alto,359276.79831,6279952.71023
723,277.00000,723.00000,13201,Puente Alto,359088.04884,6280542.28256
727,112.00000,727.00000,13202,Pirque,354457.34263,6273944.38622
250,273.50000,250.00000,13112,La Pintana,347910.69487,6282673.25306
251,728.87500,251.00000,13112,La Pintana,347980.43554,6283297.00634
252,655.50000,252.00000,13112,La Pintana,347376.33610,6284302.96322
256,161.00000,256.00000,13112,La Pintana,347299.46561,6280680.35796
257,217.25000,257.00000,13112,La Pintana,346931.36202,6281896.76799
258,617.18750,258.00000,13112,La Pintana,346731.10946,6283090.91985
261,980.25000,261.00000,13112,La Pintana,346749.52069,6285480.57122
770,592.00000,770.00000,13401,San Bernardo,346084.56191,6277989.37648
792,376.00000,792.00000,13402,Buin,345057.87268,6269421.07910
785,975.00000,785.00000,13402,Buin,339126.26626,6264167.14691
789,854.00000,789.00000,13402,Buin,340877.21554,6262773.22355
783,56.50000,783.00000,13402,Buin,339151.78316,6267617.21438
784,122.59375,784.00000,13402,Buin,338295.25309,6266840.85101
787,88.50000,787.00000,13402,Buin,337195.55929,6267997.13050
788,760.00000,788.00000,13402,Buin,339270.55274,6269507.07257
758,151.25000,758.00000,13401,San Bernardo,341351.00862,6282809.01961
764,731.00000,764.00000,13401,San Bernardo,341508.76294,6278151.33092
765,644.00000,765.00000,13401,San Bernardo,343165.05001,6277467.69326
766,868.00000,766.00000,13401,San Bernardo,339620.90418,6279473.63567
768,698.37500,768.00000,13401,San Bernardo,343185.08984,6278983.47437
769,315.37500,769.00000,13401,San Bernardo,341642.47613,6279617.72171
775,638.81250,775.00000,13401,San Bernardo,341804.04934,6280317.60543
776,655.62500,776.00000,13401,San Bernardo,341054.37842,6280961.67931
781,73.00000,781.00000,13401,San Bernardo,343093.10595,6275066.68380
109,244.87500,109.00000,13105,El Bosque,344218.86240,6284596.25550
110,757.46875,110.00000,13105,El Bosque,344463.89325,6285133.51621
118,814.31250,118.00000,13105,El Bosque,343786.07576,6283490.79009
119,64.43750,119.00000,13105,El Bosque,344018.43989,6284044.75149
760,402.50000,760.00000,13401,San Bernardo,341919.29701,6281840.19170
761,795.25000,761.00000,13401,San Bernardo,343314.28906,6282394.46030
762,104.37500,762.00000,13401,San Bernardo,343592.43923,6282907.62337
763,756.50000,763.00000,13401,San Bernardo,344883.92727,6282111.41576
772,174.37500,772.00000,13401,San Bernardo,343029.41463,6281972.71285
773,160.00000,773.00000,13401,San Bernardo,343269.65776,6281204.82244
771,877.62500,771.00000,13401,San Bernardo,343193.62411,6280053.42351
774,486.81250,774.00000,13401,San Bernardo,341980.40135,6280894.56349
108,412.34375,108.00000,13105,El Bosque,342598.34973,6283967.58870
759,372.43750,759.00000,13401,San Bernardo,342268.49859,6283165.78456
780,819.37500,780.00000,13401,San Bernardo,341656.06234,6284204.69682
111,701.50000,111.00000,13105,El Bosque,345273.46541,6284280.96829
112,282.06250,112.00000,13105,El Bosque,345547.01462,6284840.53358
113,179.62500,113.00000,13105,El Bosque,345160.93235,6283363.21939
259,604.68750,259.00000,13112,La Pintana,346103.15815,6283192.65924
192,671.56250,192.00000,13110,La Florida,353307.62107,6285293.39475
255,261.25000,255.00000,13112,La Pintana,348235.98545,6278714.86703
685,112.50000,685.00000,13201,Puente Alto,350138.73112,6278168.61047
688,197.25000,688.00000,13201,Puente Alto,352432.06732,6283854.54808
690,238.37500,690.00000,13201,Puente Alto,352982.47590,6280920.22193
691,92.68750,691.00000,13201,Puente Alto,353344.14880,6279811.54150
693,574.37500,693.00000,13201,Puente Alto,353358.01111,6278860.91371
697,398.50000,697.00000,13201,Puente Alto,352732.19598,6282225.24325
703,28.12500,703.00000,13201,Puente Alto,354081.61210,6284346.20586
704,49.18750,704.00000,13201,Puente Alto,353515.44518,6283514.50683
706,745.00000,706.00000,13201,Puente Alto,351885.49547,6278044.06416
707,210.37500,707.00000,13201,Puente Alto,353166.33160,6277959.92232
714,339.25000,714.00000,13201,Puente Alto,354259.87092,6278955.65713
715,49.00000,715.00000,13201,Puente Alto,356319.72711,6279391.98258
716,13.93750,716.00000,13201,Puente Alto,354837.34796,6279220.82490
717,80.18750,717.00000,13201,Puente Alto,353297.02581,6280125.82427
718,434.71875,718.00000,13201,Puente Alto,353158.31930,6280445.47151
719,18.43750,719.00000,13201,Puente Alto,352341.46712,6279115.21868
721,238.68750,721.00000,13201,Puente Alto,353499.37079,6279434.47020
724,158.37500,724.00000,13201,Puente Alto,353604.38027,6284790.23453
686,577.50000,686.00000,13201,Puente Alto,350223.88912,6276930.36809
692,7.62500,692.00000,13201,Puente Alto,352552.18442,6278460.96454
253,206.50000,253.00000,13112,La Pintana,349814.67466,6282159.02259
254,0.37500,254.00000,13112,La Pintana,350006.07669,6281153.45785
262,308.00000,262.00000,13112,La Pintana,349618.19187,6283808.29223
264,392.06250,264.00000,13112,La Pintana,349867.89629,6285388.63185
689,611.75000,689.00000,13201,Puente Alto,351451.84494,6282004.89578
705,102.25000,705.00000,13201,Puente Alto,350734.52821,6280117.62673
687,708.68750,687.00000,13201,Puente Alto,349507.46119,6279392.45690
260,984.12500,260.00000,13112,La Pintana,347924.08953,6285287.52059
263,432.81250,263.00000,13112,La Pintana,349014.84283,6285175.88510
708,315.12500,708.00000,13201,Puente Alto,352316.22729,6279994.70071
720,444.81250,720.00000,13201,Puente Alto,352898.61269,6279311.66431
209,132.62500,209.00000,13110,La Florida,350932.35780,6285014.15309
211,263.37500,211.00000,13110,La Florida,352299.69204,6284901.17199
696,40.25000,696.00000,13201,Puente Alto,351168.80096,6283771.42420
698,898.75000,698.00000,13201,Puente Alto,356377.06097,6284180.25249
711,315.00000,711.00000,13201,Puente Alto,355487.67227,6280322.80862
722,269.62500,722.00000,13201,Puente Alto,354039.46896,6282749.94613
725,351.50000,725.00000,13201,Puente Alto,356394.26256,6281815.45166
726,992.00000,726.00000,13201,Puente Alto,357450.08616,6282536.76078
710,269.75000,710.00000,13201,Puente Alto,354601.28065,6281628.17645
712,754.68750,712.00000,13201,Puente Alto,354018.65318,6280262.19330
713,313.15625,713.00000,13201,Puente Alto,354818.64155,6280756.93896
204,657.87500,204.00000,13110,La Florida,354509.45787,6285519.93556
700,927.68750,700.00000,13201,Puente Alto,355356.71085,6284714.18176
701,589.12500,701.00000,13201,Puente Alto,354712.87367,6283720.94810
702,877.53125,702.00000,13201,Puente Alto,354569.76497,6284972.25884
77,292.75000,77.00000,13103,Cerro Navia,335639.54835,6300811.87729
383,732.06250,383.00000,13119,Maipú,335424.24693,6289824.54005
384,866.50000,384.00000,13119,Maipú,335228.85723,6290515.99182
388,316.50000,388.00000,13119,Maipú,333766.56751,6288810.88378
393,604.37500,393.00000,13119,Maipú,335402.84748,6292049.55781
396,801.75000,396.00000,13119,Maipú,335448.71704,6291245.55650
397,292.00000,397.00000,13119,Maipú,333309.50920,6294825.66941
398,586.50000,398.00000,13119,Maipú,334904.29125,6293212.83657
399,399.06250,399.00000,13119,Maipú,335875.22982,6289313.82825
400,208.25000,400.00000,13119,Maipú,335470.08976,6288630.13854
524,397.50000,524.00000,13124,Pudahuel,334691.48309,6299387.37314
525,587.12500,525.00000,13124,Pudahuel,336176.15816,6297884.90017
538,379.00000,538.00000,13124,Pudahuel,334880.38503,6304538.32561
539,282.00000,539.00000,13124,Pudahuel,332743.80839,6298119.69328
547,43.00000,547.00000,13125,Quilicura,335177.03910,6307459.25342
618,294.00000,618.00000,13128,Renca,336338.69469,6302840.23255
740,152.00000,740.00000,13301,Colina,337444.78650,6325537.78502
746,248.00000,746.00000,13301,Colina,337253.59413,6334927.27463
747,252.00000,747.00000,13302,Lampa,332515.02481,6312788.70119
749,561.00000,749.00000,13302,Lampa,333858.18498,6319801.19133
750,198.00000,750.00000,13302,Lampa,332284.93812,6317717.00086
752,696.00000,752.00000,13302,Lampa,328791.50873,6322925.40002
753,332.00000,753.00000,13302,Lampa,325713.34829,6316094.82996
754,640.00000,754.00000,13302,Lampa,325848.42993,6313463.81549
395,488.00000,395.00000,13119,Maipú,326799.77598,6291921.70262
540,440.00000,540.00000,13124,Pudahuel,328741.51305,6298785.83627
541,826.00000,541.00000,13124,Pudahuel,324796.06515,6298622.98324
394,169.00000,394.00000,13119,Maipú,331407.91647,6290905.39047
385,870.00000,385.00000,13119,Maipú,333284.53701,6290261.88717
386,687.75000,386.00000,13119,Maipú,334199.09616,6290326.06505
389,918.50000,389.00000,13119,Maipú,333835.33357,6291609.87749
536,740.00000,536.00000,13124,Pudahuel,329054.89133,6304032.20178
755,40.00000,755.00000,13302,Lampa,327365.20503,6308705.95104
537,44.00000,537.00000,13124,Pudahuel,333406.02864,6303790.38278
751,96.50000,751.00000,13302,Lampa,331413.47393,6321735.29250
232,906.00000,232.00000,13110,La Florida,358611.12880,6288983.84787
275,180.00000,275.00000,13113,La Reina,359575.78344,6297958.06570
298,58.25000,298.00000,13114,Las Condes,358338.88634,6305406.89612
302,830.00000,302.00000,13114,Las Condes,359762.83023,6302889.98771
308,888.00000,308.00000,13114,Las Condes,358357.22996,6301466.36817
310,615.50000,310.00000,13114,Las Condes,361014.93016,6305259.43005
316,333.25000,316.00000,13114,Las Condes,358366.63722,6303937.77783
326,838.00000,326.00000,13115,Lo Barnechea,355690.42366,6311753.12535
327,936.37500,327.00000,13115,Lo Barnechea,359859.30638,6307007.77558
331,590.50000,331.00000,13115,Lo Barnechea,358816.96234,6307799.76919
333,810.50000,333.00000,13115,Lo Barnechea,359202.96323,6310933.72327
334,96.93750,334.00000,13115,Lo Barnechea,358865.75808,6308933.55016
336,121.68750,336.00000,13115,Lo Barnechea,358894.47234,6309413.91868
480,605.50000,480.00000,13122,Peñalolén,358920.70151,6294928.11059
481,520.50000,481.00000,13122,Peñalolén,359379.24183,6295980.76753
491,179.75000,491.00000,13122,Peñalolén,357650.53948,6294127.73037
492,761.00000,492.00000,13122,Peñalolén,358783.68633,6291353.22969
493,536.00000,493.00000,13122,Peñalolén,358836.07229,6293014.09980
728,953.00000,728.00000,13301,Colina,340284.64979,6315462.37580
729,786.00000,729.00000,13301,Colina,343522.30109,6314707.49288
742,40.00000,742.00000,13301,Colina,360371.07480,6318254.08768
743,882.50000,743.00000,13301,Colina,339430.93012,6313920.37424
744,160.00000,744.00000,13301,Colina,352293.13066,6323420.49863
745,932.00000,745.00000,13301,Colina,347014.18976,6312870.36565
756,63.00000,756.00000,13302,Lampa,336863.63615,6314531.20223
19,752.06250,19.00000,13101,Santiago,346574.77665,6299337.81106
20,780.75000,20.00000,13101,Santiago,346671.56136,6298673.89817
21,744.43750,21.00000,13101,Santiago,347045.15871,6299257.95429
30,709.87500,30.00000,13101,Santiago,347130.21597,6295002.07510
31,800.56250,31.00000,13101,Santiago,347064.59191,6296030.68298
42,930.34375,42.00000,13101,Santiago,346964.43463,6296904.66350
47,859.34375,47.00000,13101,Santiago,346897.99390,6297398.53345
48,839.15625,48.00000,13101,Santiago,346808.51803,6297960.82063
72,284.18750,72.00000,13103,Cerro Navia,337788.46957,6300071.45286
73,180.06250,73.00000,13103,Cerro Navia,338815.98023,6300130.96170
75,56.06250,75.00000,13103,Cerro Navia,339216.79028,6300843.08027
76,53.81250,76.00000,13103,Cerro Navia,339789.45902,6300244.31676
78,333.75000,78.00000,13103,Cerro Navia,336733.86720,6300944.60946
79,405.56250,79.00000,13103,Cerro Navia,337290.24919,6301153.41290
81,679.75000,81.00000,13103,Cerro Navia,337814.58339,6301014.62514
82,384.87500,82.00000,13103,Cerro Navia,338461.61293,6301133.49600
143,951.00000,143.00000,13107,Huechuraba,345627.84483,6306817.93075
152,260.00000,152.00000,13107,Huechuraba,349263.45286,6308409.13994
164,570.84375,164.00000,13108,Independencia,345786.36854,6300526.01477
167,241.87500,167.00000,13108,Independencia,346308.53198,6300608.29994
169,849.00000,169.00000,13108,Independencia,345208.84459,6300383.06923
171,270.93750,171.00000,13108,Independencia,344437.06454,6300839.59894
172,123.68750,172.00000,13109,La Cisterna,346573.17333,6290008.08106
187,281.68750,187.00000,13109,La Cisterna,346358.93510,6289153.82265
188,892.93750,188.00000,13109,La Cisterna,346463.42088,6289519.66804
289,379.25000,289.00000,13114,Las Condes,352385.31971,6300728.63428
291,145.75000,291.00000,13114,Las Condes,353230.76863,6301361.07348
293,307.12500,293.00000,13114,Las Condes,355042.05412,6300629.37997
294,174.12500,294.00000,13114,Las Condes,357371.94550,6300569.00998
303,637.68750,303.00000,13114,Las Condes,355912.05934,6300422.47888
304,338.81250,304.00000,13114,Las Condes,353700.78045,6300475.82309
305,610.75000,305.00000,13114,Las Condes,354279.74982,6300616.50984
322,569.62500,322.00000,13114,Las Condes,356456.47509,6301040.57139
497,498.06250,497.00000,13123,Providencia,350552.29187,6300332.72393
498,941.06250,498.00000,13123,Providencia,350347.39225,6300938.01827
499,1.18750,499.00000,13123,Providencia,349435.16325,6300254.81407
506,383.25000,506.00000,13123,Providencia,349921.70217,6301535.24578
507,544.75000,507.00000,13123,Providencia,351424.76147,6300287.70009
508,439.81250,508.00000,13123,Providencia,351121.95167,6300797.94047
515,717.43750,515.00000,13123,Providencia,348594.00593,6300240.01568
558,405.34375,558.00000,13126,Quinta Normal,340496.69250,6300733.92383
559,606.81250,559.00000,13126,Quinta Normal,341183.71364,6300737.27885
563,279.06250,563.00000,13126,Quinta Normal,341559.75475,6300253.40650
564,236.59375,564.00000,13126,Quinta Normal,342479.98977,6300111.19035
565,356.00000,565.00000,13126,Quinta Normal,342904.52951,6299984.18733
575,505.15625,575.00000,13126,Quinta Normal,343922.61721,6300362.55167
576,767.65625,576.00000,13126,Quinta Normal,342907.21836,6300700.59822
578,938.68750,578.00000,13127,Recoleta,346207.17524,6305131.89615
579,32.06250,579.00000,13127,Recoleta,346939.97592,6304783.03303
580,200.00000,580.00000,13127,Recoleta,346511.83647,6304104.23115
581,697.87500,581.00000,13127,Recoleta,346848.27906,6303244.26573
582,237.37500,582.00000,13127,Recoleta,346165.09236,6303272.89455
583,92.87500,583.00000,13127,Recoleta,346677.80873,6301790.18733
588,473.93750,588.00000,13127,Recoleta,346533.34177,6302584.16174
592,2.12500,592.00000,13127,Recoleta,346827.89034,6300799.79107
593,122.78125,593.00000,13127,Recoleta,346680.11309,6300004.89004
594,840.68750,594.00000,13127,Recoleta,347144.25590,6299899.42331
596,74.87500,596.00000,13127,Recoleta,347291.83416,6300532.47522
601,393.62500,601.00000,13127,Recoleta,347878.14332,6300599.57745
604,956.00000,604.00000,13128,Renca,343684.50547,6301104.16226
639,683.37500,639.00000,13130,San Miguel,347152.57330,6293981.74371
641,294.31250,641.00000,13130,San Miguel,347124.60595,6293108.45849
645,545.43750,645.00000,13130,San Miguel,347107.42626,6292534.09074
646,727.87500,646.00000,13130,San Miguel,347056.30374,6291886.84189
648,514.00000,648.00000,13130,San Miguel,346815.40924,6291205.04774
652,654.75000,652.00000,13130,San Miguel,346558.81987,6290627.80850
655,656.62500,655.00000,13131,San Ramón,347045.45242,6288180.16035
659,992.25000,659.00000,13131,San Ramón,347566.27684,6288912.79942
662,576.25000,662.00000,13131,San Ramón,347017.69072,6287100.26856
53,432.00000,53.00000,13102,Cerrillos,341396.05241,6290779.72997
54,428.62500,54.00000,13102,Cerrillos,340335.43439,6289667.98764
55,130.75000,55.00000,13102,Cerrillos,340221.85462,6294170.09614
56,919.50000,56.00000,13102,Cerrillos,340524.62027,6293583.84561
57,192.75000,57.00000,13102,Cerrillos,342239.20638,6292546.65886
58,745.87500,58.00000,13102,Cerrillos,341141.42020,6289315.36902
59,289.12500,59.00000,13102,Cerrillos,339461.39126,6293195.05290
65,534.62500,65.00000,13102,Cerrillos,340182.33138,6291218.61755
66,393.75000,66.00000,13102,Cerrillos,340763.51930,6292593.58016
67,291.37500,67.00000,13102,Cerrillos,341603.70610,6293485.02255
133,985.56250,133.00000,13106,Estación Central,340595.37297,6294915.47746
136,660.12500,136.00000,13106,Estación Central,340362.98877,6295740.11917
139,22.62500,139.00000,13106,Estación Central,339700.18057,6296316.14889
141,809.12500,141.00000,13106,Estación Central,341253.66570,6294439.56375
350,922.18750,350.00000,13117,Lo Prado,340205.24192,6298336.30807
351,87.93750,351.00000,13117,Lo Prado,340593.68174,6298655.61438
353,5.62500,353.00000,13117,Lo Prado,341088.84601,6297297.08197
355,571.56250,355.00000,13117,Lo Prado,340815.41288,6296927.47853
358,954.31250,358.00000,13117,Lo Prado,340832.68534,6297997.35706
359,516.50000,359.00000,13117,Lo Prado,340311.50102,6297675.17986
381,186.87500,381.00000,13119,Maipú,337500.04635,6292419.26121
407,656.75000,407.00000,13119,Maipú,338436.29538,6292723.51459
417,33.37500,417.00000,13119,Maipú,338373.96477,6293919.64423
449,724.87500,449.00000,13121,Pedro Aguirre Cerda,345337.14127,6292907.30521
458,337.25000,458.00000,13121,Pedro Aguirre Cerda,345622.10230,6293615.96012
459,159.50000,459.00000,13121,Pedro Aguirre Cerda,345004.42082,6293596.11239
460,764.43750,460.00000,13121,Pedro Aguirre Cerda,344819.80277,6292589.53235
461,562.18750,461.00000,13121,Pedro Aguirre Cerda,344156.64882,6293325.58226
464,666.75000,464.00000,13121,Pedro Aguirre Cerda,343530.53224,6293866.83077
465,88.12500,465.00000,13121,Pedro Aguirre Cerda,343365.00487,6292862.70322
560,595.68750,560.00000,13126,Quinta Normal,340668.43759,6299796.16259
568,471.00000,568.00000,13126,Quinta Normal,341158.81060,6299209.03290
642,74.06250,642.00000,13130,San Miguel,346189.20180,6293337.70461
379,759.06250,379.00000,13119,Maipú,338136.75252,6291289.75132
380,317.25000,380.00000,13119,Maipú,337492.95455,6291312.27109
382,699.12500,382.00000,13119,Maipú,338310.75059,6290083.76584
390,250.25000,390.00000,13119,Maipú,339511.81412,6290048.53421
402,329.31250,402.00000,13119,Maipú,337211.41128,6289700.94528
403,722.21875,403.00000,13119,Maipú,337897.77351,6290480.37922
401,110.43750,401.00000,13119,Maipú,336276.60701,6288729.54296
405,984.87500,405.00000,13119,Maipú,336225.37505,6290559.60423
406,908.25000,406.00000,13119,Maipú,336446.91273,6289939.62804
409,14.75000,409.00000,13119,Maipú,336428.88206,6292252.54698
410,733.65625,410.00000,13119,Maipú,336984.56194,6291326.10310
411,149.37500,411.00000,13119,Maipú,336450.61494,6291310.76702
404,786.84375,404.00000,13119,Maipú,337165.48906,6290426.75487
408,356.06250,408.00000,13119,Maipú,337012.02444,6292366.10040
61,274.31250,61.00000,13102,Cerrillos,339137.88987,6291903.43153
62,919.21875,62.00000,13102,Cerrillos,339703.09989,6292463.95308
64,220.18750,64.00000,13102,Cerrillos,338903.41828,6291052.10087
60,462.09375,60.00000,13102,Cerrillos,340185.34307,6292042.74130
63,742.28125,63.00000,13102,Cerrillos,339885.93516,6291710.61140
354,128.15625,354.00000,13117,Lo Prado,340149.69288,6297042.04106
357,623.37500,357.00000,13117,Lo Prado,339232.77476,6297166.27909
412,635.87500,412.00000,13119,Maipú,337445.94617,6293898.93260
413,246.25000,413.00000,13119,Maipú,337425.26337,6294491.36704
414,791.87500,414.00000,13119,Maipú,338020.16219,6295123.09507
518,85.56250,518.00000,13124,Pudahuel,337861.21282,6296921.98279
519,992.56250,519.00000,13124,Pudahuel,338742.47765,6296773.06558
522,161.06250,522.00000,13124,Pudahuel,336479.82422,6296706.78037
526,330.12500,526.00000,13124,Pudahuel,337790.06225,6297594.50844
530,829.18750,530.00000,13124,Pudahuel,337847.49866,6299325.10890
532,237.87500,532.00000,13124,Pudahuel,337955.65282,6298553.87898
533,60.81250,533.00000,13124,Pudahuel,337311.81436,6298444.41864
534,359.00000,534.00000,13124,Pudahuel,337629.13029,6295920.98898
535,811.93750,535.00000,13124,Pudahuel,337845.83062,6296425.35531
415,71.37500,415.00000,13119,Maipú,336926.09465,6295295.01356
527,220.68750,527.00000,13124,Pudahuel,336406.81034,6296182.79517
517,487.00000,517.00000,13124,Pudahuel,336103.39326,6297289.20256
521,395.62500,521.00000,13124,Pudahuel,336578.69612,6299559.05902
523,784.87500,523.00000,13124,Pudahuel,335642.11834,6299195.55060
531,427.56250,531.00000,13124,Pudahuel,336517.57451,6298659.03433
529,830.93750,529.00000,13124,Pudahuel,337078.77442,6299283.12273
135,637.06250,135.00000,13106,Estación Central,339526.36302,6295316.03978
378,921.00000,378.00000,13119,Maipú,339508.96852,6294384.53687
416,610.56250,416.00000,13119,Maipú,338784.06692,6294850.80735
520,915.90625,520.00000,13124,Pudahuel,338751.53131,6296338.41266
528,526.68750,528.00000,13124,Pudahuel,338817.23345,6295713.85867
70,184.25000,70.00000,13103,Cerro Navia,339121.84725,6299472.71914
71,136.12500,71.00000,13103,Cerro Navia,339650.68112,6299237.36910
348,712.46875,348.00000,13117,Lo Prado,338464.52175,6298684.63412
349,663.75000,349.00000,13117,Lo Prado,339267.21183,6298527.55087
356,445.75000,356.00000,13117,Lo Prado,339539.66135,6297752.23870
352,248.93750,352.00000,13117,Lo Prado,338634.92619,6297898.92416
69,811.34375,69.00000,13103,Cerro Navia,338457.44784,6299352.66604
561,702.18750,561.00000,13126,Quinta Normal,340323.63124,6299243.07313
105,640.37500,105.00000,13105,El Bosque,344384.77727,6286963.62273
114,159.00000,114.00000,13105,El Bosque,343724.08222,6287263.72930
176,173.84375,176.00000,13109,La Cisterna,344468.87012,6287373.55486
178,267.25000,178.00000,13109,La Cisterna,344046.05759,6287992.36375
183,674.56250,183.00000,13109,La Cisterna,344716.24966,6288424.93805
184,78.62500,184.00000,13109,La Cisterna,344942.85670,6289009.66307
185,760.53125,185.00000,13109,La Cisterna,345533.32616,6289636.51531
186,297.00000,186.00000,13109,La Cisterna,344868.10085,6289845.87583
338,798.81250,338.00000,13116,Lo Espejo,343957.39042,6290342.04496
339,370.43750,339.00000,13116,Lo Espejo,343810.33529,6289705.24585
341,212.12500,341.00000,13116,Lo Espejo,341943.47579,6289015.44321
344,826.31250,344.00000,13116,Lo Espejo,343644.33127,6289011.94870
345,411.09375,345.00000,13116,Lo Espejo,342841.70619,6289317.79523
346,245.31250,346.00000,13116,Lo Espejo,342273.02354,6290047.95475
347,105.50000,347.00000,13116,Lo Espejo,342978.98137,6289963.69471
454,588.75000,454.00000,13121,Pedro Aguirre Cerda,344359.28947,6290874.39260
462,72.93750,462.00000,13121,Pedro Aguirre Cerda,343893.38321,6292445.12412
463,543.75000,463.00000,13121,Pedro Aguirre Cerda,343944.24079,6291499.49641
340,180.43750,340.00000,13116,Lo Espejo,342633.07751,6288547.74458
343,290.43750,343.00000,13116,Lo Espejo,343366.50956,6288249.48772
107,119.31250,107.00000,13105,El Bosque,343378.82974,6286634.65670
337,704.75000,337.00000,13116,Lo Espejo,342591.35545,6290958.03800
452,849.87500,452.00000,13121,Pedro Aguirre Cerda,342850.83202,6291972.12764
453,716.37500,453.00000,13121,Pedro Aguirre Cerda,343303.38977,6291725.74385
342,386.75000,342.00000,13116,Lo Espejo,343167.09988,6290703.24891
117,277.25000,117.00000,13105,El Bosque,345809.88303,6286457.97200
173,402.25000,173.00000,13109,La Cisterna,346551.49351,6288331.03007
174,689.50000,174.00000,13109,La Cisterna,346035.58636,6287471.70523
175,585.18750,175.00000,13109,La Cisterna,345884.50503,6286990.50227
179,477.03125,179.00000,13109,La Cisterna,345204.91111,6287611.63609
180,61.62500,180.00000,13109,La Cisterna,344701.43286,6287770.67384
182,245.09375,182.00000,13109,La Cisterna,345853.98679,6288031.19058
181,268.50000,181.00000,13109,La Cisterna,345971.82484,6288648.27779
177,69.93750,177.00000,13109,La Cisterna,345320.38126,6290387.04151
451,464.93750,451.00000,13121,Pedro Aguirre Cerda,344715.32036,6291443.24166
644,94.00000,644.00000,13130,San Miguel,345879.37573,6292191.03652
650,971.12500,650.00000,13130,San Miguel,345673.61795,6291497.83257
651,751.18750,651.00000,13130,San Miguel,345492.07466,6290897.88281
450,236.87500,450.00000,13121,Pedro Aguirre Cerda,344615.65567,6292087.47330
643,840.87500,643.00000,13130,San Miguel,346045.99000,6292800.61963
14,271.46875,14.00000,13101,Santiago,344310.36843,6297088.39399
15,147.68750,15.00000,13101,Santiago,344936.70410,6297247.36722
16,451.68750,16.00000,13101,Santiago,345582.59768,6297240.55992
39,916.92188,39.00000,13101,Santiago,343953.09058,6299765.98466
40,213.43750,40.00000,13101,Santiago,343299.13386,6298490.87266
43,191.34375,43.00000,13101,Santiago,346334.05264,6296798.80187
122,223.06250,122.00000,13106,Estación Central,342209.66907,6297051.70837
123,782.25000,123.00000,13106,Estación Central,341903.94714,6296451.18985
124,587.25000,124.00000,13106,Estación Central,342609.18247,6296762.05223
125,184.93750,125.00000,13106,Estación Central,343329.19244,6297816.05983
126,460.12500,126.00000,13106,Estación Central,343281.95903,6297153.83220
127,371.81250,127.00000,13106,Estación Central,343456.17429,6296605.84412
129,616.37500,129.00000,13106,Estación Central,343907.31735,6296588.21835
131,509.37500,131.00000,13106,Estación Central,343793.83829,6295078.82465
456,506.81250,456.00000,13121,Pedro Aguirre Cerda,344292.08837,6294148.99557
557,919.68750,557.00000,13126,Quinta Normal,343363.29520,6299101.53454
569,299.00000,569.00000,13126,Quinta Normal,343411.22119,6299850.96540
68,582.25000,68.00000,13102,Cerrillos,342922.66106,6294127.82643
128,148.93750,128.00000,13106,Estación Central,342702.83051,6296084.36022
132,498.68750,132.00000,13106,Estación Central,341927.22886,6294982.70876
137,727.06250,137.00000,13106,Estación Central,342593.77858,6294611.72722
138,575.12500,138.00000,13106,Estación Central,342675.10406,6295286.08709
142,247.75000,142.00000,13106,Estación Central,341333.19421,6295362.19205
130,684.56250,130.00000,13106,Estación Central,341975.17259,6295728.32076
140,390.56250,140.00000,13106,Estación Central,341226.75491,6296180.54939
134,948.62500,134.00000,13106,Estación Central,343447.38513,6295985.83414
120,257.12500,120.00000,13106,Estación Central,342158.84032,6297478.58582
562,718.46875,562.00000,13126,Quinta Normal,341742.09937,6299686.47278
566,829.81250,566.00000,13126,Quinta Normal,342450.17330,6299198.21410
567,917.87500,567.00000,13126,Quinta Normal,341617.87881,6298867.72759
570,177.75000,570.00000,13126,Quinta Normal,342383.33707,6298270.67108
571,829.25000,571.00000,13126,Quinta Normal,341670.49596,6298161.18599
121,965.92188,121.00000,13106,Estación Central,341547.53052,6297293.36575
24,620.81250,24.00000,13101,Santiago,345815.43809,6294948.81975
25,15.68750,25.00000,13101,Santiago,345048.04396,6296063.30137
27,68.43750,27.00000,13101,Santiago,345073.72447,6294972.89121
28,232.87500,28.00000,13101,Santiago,344484.62997,6295368.89625
29,481.15625,29.00000,13101,Santiago,346528.24940,6294978.71014
455,452.31250,455.00000,13121,Pedro Aguirre Cerda,345401.45223,6294510.68568
457,967.28125,457.00000,13121,Pedro Aguirre Cerda,345602.01003,6294229.40012
26,720.81250,26.00000,13101,Santiago,344320.56099,6296167.61078
640,6.18750,640.00000,13130,San Miguel,346446.57135,6294074.84090
44,361.18750,44.00000,13101,Santiago,345715.65630,6296005.84416
45,406.50000,45.00000,13101,Santiago,346428.92376,6295699.10826
46,840.87500,46.00000,13101,Santiago,346387.78061,6296258.70548
4,625.43750,4.00000,13101,Santiago,344113.32443,6298566.68304
5,383.15625,5.00000,13101,Santiago,344642.05506,6298632.46446
8,478.62500,8.00000,13101,Santiago,345109.21503,6299784.99430
9,839.06250,9.00000,13101,Santiago,345248.70666,6299184.50573
10,885.46875,10.00000,13101,Santiago,345301.58044,6298714.15589
11,710.59375,11.00000,13101,Santiago,345306.20962,6298178.11470
13,442.00000,13.00000,13101,Santiago,345851.75062,6298484.71730
18,191.46875,18.00000,13101,Santiago,346233.44537,6298571.36626
6,84.00000,6.00000,13101,Santiago,344176.39889,6297901.69209
7,836.00000,7.00000,13101,Santiago,344707.91518,6298044.15892
1,497.37500,1.00000,13101,Santiago,344432.12782,6299781.23039
3,890.18750,3.00000,13101,Santiago,344586.99922,6299227.88860
2,259.96875,2.00000,13101,Santiago,344061.48636,6299172.53760
49,529.56250,49.00000,13101,Santiago,345971.93201,6297616.26222
50,926.84375,50.00000,13101,Santiago,346377.06597,6297624.42236
12,105.87500,12.00000,13101,Santiago,345770.81528,6299468.77526
17,869.18750,17.00000,13101,Santiago,346131.52521,6299368.58061
165,591.09375,165.00000,13108,Independencia,345943.17927,6300033.21580
150,197.00000,150.00000,13107,Huechuraba,344501.07737,6309398.46825
154,590.25000,154.00000,13107,Huechuraba,343290.96475,6308038.99882
542,218.50000,542.00000,13125,Quilicura,341482.72717,6309763.38775
543,579.12500,543.00000,13125,Quilicura,339101.01549,6308178.12739
544,165.50000,544.00000,13125,Quilicura,337420.34443,6307609.29983
548,211.00000,548.00000,13125,Quilicura,339821.88594,6310097.03437
549,417.37500,549.00000,13125,Quilicura,342160.61791,6307252.13836
550,788.00000,550.00000,13125,Quilicura,340278.90178,6306924.44275
552,865.00000,552.00000,13125,Quilicura,340334.13212,6307723.40826
553,856.00000,553.00000,13125,Quilicura,339835.72502,6304947.61107
555,189.12500,555.00000,13125,Quilicura,338682.77447,6306960.79093
556,323.25000,556.00000,13125,Quilicura,340432.48820,6306442.29286
577,710.50000,577.00000,13126,Quinta Normal,340925.91876,6301548.66739
610,609.84375,610.00000,13128,Renca,340881.18114,6302617.11640
616,133.75000,616.00000,13128,Renca,339956.99173,6302399.22158
617,398.00000,617.00000,13128,Renca,340432.16695,6303449.26552
545,26.75000,545.00000,13125,Quilicura,337811.61248,6306653.89521
554,767.37500,554.00000,13125,Quilicura,337526.27290,6305163.20075
612,649.12500,612.00000,13128,Renca,338514.46162,6302310.06554
80,136.31250,80.00000,13103,Cerro Navia,339383.10944,6301483.41401
613,962.87500,613.00000,13128,Renca,339266.81859,6303364.60429
74,633.00000,74.00000,13103,Cerro Navia,340041.45398,6301127.63942
551,825.37500,551.00000,13125,Quilicura,339476.54620,6307109.21263
546,999.00000,546.00000,13125,Quilicura,337542.99387,6309472.71849
757,55.50000,757.00000,13302,Lampa,337480.84612,6311990.30620
83,75.12500,83.00000,13104,Conchalí,343151.14993,6304131.55437
84,627.18750,84.00000,13104,Conchalí,343672.15563,6304204.23889
85,678.71875,85.00000,13104,Conchalí,343704.14358,6303454.62391
86,564.28125,86.00000,13104,Conchalí,343982.23318,6303095.10761
87,890.31250,87.00000,13104,Conchalí,344588.53137,6304804.08095
91,258.75000,91.00000,13104,Conchalí,343261.95056,6305062.46427
93,347.25000,93.00000,13104,Conchalí,343784.91674,6305945.55001
94,389.68750,94.00000,13104,Conchalí,343518.73943,6306448.49645
96,941.50000,96.00000,13104,Conchalí,344346.15422,6303963.71576
97,937.25000,97.00000,13104,Conchalí,343848.47546,6305160.92327
98,980.43750,98.00000,13104,Conchalí,345402.23707,6303975.57661
99,663.84375,99.00000,13104,Conchalí,345303.92258,6304445.12983
151,401.62500,151.00000,13107,Huechuraba,343617.46490,6306994.67280
158,654.28125,158.00000,13108,Independencia,344163.02998,6302737.85045
609,464.62500,609.00000,13128,Renca,343366.71917,6302265.34127
614,961.00000,614.00000,13128,Renca,342850.11791,6303713.34960
615,243.50000,615.00000,13128,Renca,341846.13223,6304032.21579
574,703.87500,574.00000,13126,Quinta Normal,342254.01523,6301089.85863
603,417.18750,603.00000,13128,Renca,342602.28808,6302530.04732
605,685.65625,605.00000,13128,Renca,342372.21585,6301736.61757
606,265.75000,606.00000,13128,Renca,342357.19665,6303210.52024
607,463.96875,607.00000,13128,Renca,342088.15231,6302575.25095
611,128.06250,611.00000,13128,Renca,341469.75035,6302587.78462
572,231.84375,572.00000,13126,Quinta Normal,341631.56794,6301695.05716
573,611.82813,573.00000,13126,Quinta Normal,341825.11386,6301044.25866
602,555.34375,602.00000,13128,Renca,341769.11896,6303181.95648
608,139.37500,608.00000,13128,Renca,342961.00571,6301398.10827
100,242.87500,100.00000,13104,Conchalí,342461.74464,6306417.21511
101,393.93750,101.00000,13104,Conchalí,342764.62603,6305714.31819
102,196.75000,102.00000,13104,Conchalí,342769.84247,6304986.66640
90,446.06250,90.00000,13104,Conchalí,345199.54114,6303499.33936
157,127.56250,157.00000,13108,Independencia,344997.01133,6302741.80072
159,937.12500,159.00000,13108,Independencia,344656.53359,6302005.91788
160,924.81250,160.00000,13108,Independencia,345480.18971,6302899.98974
161,172.28125,161.00000,13108,Independencia,345295.65058,6302153.82375
162,629.81250,162.00000,13108,Independencia,345921.52442,6302204.71029
163,894.75000,163.00000,13108,Independencia,345573.98984,6301354.95709
168,653.78125,168.00000,13108,Independencia,344069.47257,6301905.95627
170,258.87500,170.00000,13108,Independencia,344786.58279,6301167.60046
166,911.18750,166.00000,13108,Independencia,346047.28310,6301535.49773
88,136.96875,88.00000,13104,Conchalí,345466.85526,6305636.28860
89,342.87500,89.00000,13104,Conchalí,345350.23050,6304992.80243
92,977.59375,92.00000,13104,Conchalí,344752.70228,6305686.76486
95,854.40625,95.00000,13104,Conchalí,344459.69252,6305928.66235
190,520.62500,190.00000,13110,La Florida,353396.86434,6288160.88165
191,237.12500,191.00000,13110,La Florida,352892.13492,6287178.41264
205,357.75000,205.00000,13110,La Florida,353812.66330,6287172.42811
206,37.37500,206.00000,13110,La Florida,352476.09302,6290119.88324
215,479.21875,215.00000,13110,La Florida,353113.00524,6288773.38093
216,750.31250,216.00000,13110,La Florida,352991.34499,6289311.15810
223,229.12500,223.00000,13110,La Florida,353579.82058,6290139.27010
224,254.40625,224.00000,13110,La Florida,353175.74389,6290803.23457
266,812.50000,266.00000,13113,La Reina,353389.12195,6299500.25175
290,275.56250,290.00000,13114,Las Condes,352920.61061,6300151.34000
361,239.25000,361.00000,13118,Macul,350039.21822,6293013.07177
363,722.50000,363.00000,13118,Macul,350699.20210,6293487.21989
368,439.43750,368.00000,13118,Macul,352674.16857,6293089.25842
370,850.50000,370.00000,13118,Macul,352805.63698,6293938.95907
371,430.62500,371.00000,13118,Macul,352979.34435,6294798.35182
373,592.00000,373.00000,13118,Macul,351958.32667,6293416.72829
422,173.40625,422.00000,13120,Ñuñoa,352895.30476,6295493.51537
426,325.50000,426.00000,13120,Ñuñoa,353281.79016,6297559.69610
433,594.09375,433.00000,13120,Ñuñoa,352971.64455,6298250.13790
434,96.75000,434.00000,13120,Ñuñoa,353218.55469,6298924.77820
438,824.59375,438.00000,13120,Ñuñoa,352896.56920,6296299.85070
440,765.31250,440.00000,13120,Ñuñoa,353437.94256,6296965.99936
467,278.43750,467.00000,13122,Peñalolén,352918.28267,6291784.51390
476,472.59375,476.00000,13122,Peñalolén,353379.80460,6293541.39290
477,103.87500,477.00000,13122,Peñalolén,354195.73858,6293620.16473
482,609.12500,482.00000,13122,Peñalolén,352979.81275,6291274.61017
484,248.87500,484.00000,13122,Peñalolén,356432.54261,6292846.02193
485,620.37500,485.00000,13122,Peñalolén,355525.68062,6292924.20023
487,7.75000,487.00000,13122,Peñalolén,353382.15365,6292585.91101
490,729.87500,490.00000,13122,Peñalolén,355828.09283,6294334.82609
620,478.43750,620.00000,13129,San Joaquín,349104.88348,6293336.04709
622,952.15625,622.00000,13129,San Joaquín,347860.42329,6292978.94718
628,185.40625,628.00000,13129,San Joaquín,347793.16193,6293699.46271
629,124.62500,629.00000,13129,San Joaquín,348339.87376,6293216.93643
196,93.62500,196.00000,13110,La Florida,350812.90970,6290162.24825
225,903.78125,225.00000,13110,La Florida,351488.32036,6290183.40845
234,924.68750,234.00000,13111,La Granja,350118.87823,6289952.79598
235,542.62500,235.00000,13111,La Granja,349259.52879,6289965.92282
236,443.15625,236.00000,13111,La Granja,348457.13116,6289842.69707
240,909.00000,240.00000,13111,La Granja,349003.82329,6287132.19871
242,271.43750,242.00000,13111,La Granja,350098.70369,6287307.72042
243,233.00000,243.00000,13111,La Granja,349980.03340,6287900.24552
244,745.81250,244.00000,13111,La Granja,349785.38760,6290120.96410
245,575.87500,245.00000,13111,La Granja,349845.87028,6289065.23777
246,907.37500,246.00000,13111,La Granja,349935.39990,6288411.44904
249,170.62500,249.00000,13111,La Granja,348538.72884,6289475.45549
374,397.93750,374.00000,13118,Macul,350374.57959,6292269.65407
376,124.56250,376.00000,13118,Macul,350363.68862,6291632.09807
625,352.28125,625.00000,13129,San Joaquín,349975.85133,6290881.91514
636,700.25000,636.00000,13129,San Joaquín,349692.66165,6291598.35864
653,125.25000,653.00000,13131,San Ramón,347617.46999,6289854.03165
654,995.15625,654.00000,13131,San Ramón,347613.10911,6289492.26833
237,861.81250,237.00000,13111,La Granja,348670.43610,6288901.98397
238,439.28125,238.00000,13111,La Granja,348479.96165,6288095.14614
239,918.62500,239.00000,13111,La Granja,349102.02443,6288071.39267
241,742.46875,241.00000,13111,La Granja,348808.38136,6287538.99629
657,434.43750,657.00000,13131,San Ramón,347768.08673,6288077.13810
665,24.78125,665.00000,13131,San Ramón,347739.16922,6287650.18683
661,522.93750,661.00000,13131,San Ramón,347736.50297,6286966.73307
656,53.90625,656.00000,13131,San Ramón,347725.32111,6288555.62633
658,665.71875,658.00000,13131,San Ramón,347578.56307,6289186.97801
623,913.68750,623.00000,13129,San Joaquín,348453.18925,6290350.92615
624,218.93750,624.00000,13129,San Joaquín,348291.05410,6290950.51241
630,30.93750,630.00000,13129,San Joaquín,349065.70491,6291805.83915
632,212.62500,632.00000,13129,San Joaquín,348490.94128,6292283.72146
633,886.40625,633.00000,13129,San Joaquín,348598.95230,6291650.51736
634,998.53125,634.00000,13129,San Joaquín,348030.59912,6291637.08374
647,488.00000,647.00000,13130,San Miguel,347652.23451,6291000.72125
649,528.00000,649.00000,13130,San Miguel,347506.05678,6290401.17031
631,41.15625,631.00000,13129,San Joaquín,347960.83940,6292279.37707
637,645.37500,637.00000,13129,San Joaquín,348863.26674,6290907.12989
638,500.93750,638.00000,13129,San Joaquín,349367.70483,6290863.30535
621,933.00000,621.00000,13129,San Joaquín,349228.30844,6292761.03428
635,474.90625,635.00000,13129,San Joaquín,349473.06349,6292236.86807
193,782.37500,193.00000,13110,La Florida,352490.23660,6288143.07656
214,8.03125,214.00000,13110,La Florida,350812.67094,6287786.24316
217,966.46875,217.00000,13110,La Florida,351345.36099,6288309.00060
218,584.06250,218.00000,13110,La Florida,351804.30823,6288330.05454
227,855.93750,227.00000,13110,La Florida,351413.63153,6289261.84860
229,11.50000,229.00000,13110,La Florida,351842.34000,6286953.25415
230,770.21875,230.00000,13110,La Florida,351749.93963,6287560.77391
207,475.43750,207.00000,13110,La Florida,350713.04687,6286966.45894
213,226.06250,213.00000,13110,La Florida,350758.64088,6289003.38530
231,215.18750,231.00000,13110,La Florida,350937.52539,6288402.93066
189,942.53125,189.00000,13110,La Florida,352251.44552,6288769.03585
228,878.37500,228.00000,13110,La Florida,352059.12421,6289319.52633
197,633.17188,197.00000,13110,La Florida,351785.47872,6290442.77143
198,220.68750,198.00000,13110,La Florida,351766.06827,6290845.03558
360,543.06250,360.00000,13118,Macul,351692.54723,6291630.65912
367,232.75000,367.00000,13118,Macul,352302.19133,6292104.52685
372,732.25000,372.00000,13118,Macul,351890.44874,6292695.01768
377,375.78125,377.00000,13118,Macul,350952.36377,6291487.51626
226,553.59375,226.00000,13110,La Florida,350894.08094,6290897.64319
362,309.75000,362.00000,13118,Macul,350905.80102,6292941.72970
375,906.87500,375.00000,13118,Macul,351102.38192,6292305.34645
35,213.68750,35.00000,13101,Santiago,347833.62572,6297111.13087
51,652.37500,51.00000,13101,Santiago,348428.92692,6296206.22001
366,933.25000,366.00000,13118,Macul,349997.56393,6294359.41987
419,458.43750,419.00000,13120,Ñuñoa,349943.13543,6295150.14263
420,493.78125,420.00000,13120,Ñuñoa,349587.88444,6295629.82572
421,214.46875,421.00000,13120,Ñuñoa,349531.66919,6296136.74015
424,209.06250,424.00000,13120,Ñuñoa,351147.39412,6296650.04747
428,525.68750,428.00000,13120,Ñuñoa,350279.34715,6295843.67357
431,136.18750,431.00000,13120,Ñuñoa,349677.07570,6297602.46950
441,56.56250,441.00000,13120,Ñuñoa,351847.24940,6296583.88659
442,61.68750,442.00000,13120,Ñuñoa,352482.34453,6296553.51703
445,441.15625,445.00000,13120,Ñuñoa,350285.32500,6296544.23929
446,447.68750,446.00000,13120,Ñuñoa,349143.84402,6296637.17815
447,454.46875,447.00000,13120,Ñuñoa,349104.63256,6297106.63952
448,214.81250,448.00000,13120,Ñuñoa,350229.43358,6297014.22158
500,465.68750,500.00000,13123,Providencia,349893.47793,6299966.54745
501,629.87500,501.00000,13123,Providencia,349358.70689,6298334.66570
502,350.12500,502.00000,13123,Providencia,350270.98597,6298504.23318
503,277.87500,503.00000,13123,Providencia,350116.77470,6299266.79989
38,109.50000,38.00000,13101,Santiago,348012.88805,6295218.32231
52,960.59375,52.00000,13101,Santiago,348572.77588,6295458.47935
619,977.12500,619.00000,13129,San Joaquín,347997.44773,6294462.69319
626,134.62500,626.00000,13129,San Joaquín,348822.67165,6294734.87172
627,389.12500,627.00000,13129,San Joaquín,349017.88835,6293982.88776
36,350.93750,36.00000,13101,Santiago,347798.39287,6296535.85012
37,793.53125,37.00000,13101,Santiago,347729.65390,6295878.85176
427,692.31250,427.00000,13120,Ñuñoa,349048.27623,6295857.44700
22,760.07813,22.00000,13101,Santiago,347127.11276,6298712.72035
23,635.06250,23.00000,13101,Santiago,347558.34096,6299081.01902
32,153.21875,32.00000,13101,Santiago,348110.71266,6297974.58006
41,118.37500,41.00000,13101,Santiago,347845.96933,6298704.10291
430,374.78125,430.00000,13120,Ñuñoa,348915.20933,6297551.10092
494,925.00000,494.00000,13123,Providencia,348369.35037,6298938.16334
495,931.31250,495.00000,13123,Providencia,348525.56958,6298171.60574
510,666.68750,510.00000,13123,Providencia,349408.53048,6299319.06132
511,476.31250,511.00000,13123,Providencia,348915.86054,6299177.90114
516,205.31250,516.00000,13123,Providencia,348337.31134,6299532.16537
33,648.75000,33.00000,13101,Santiago,347594.79619,6297693.13516
34,399.65625,34.00000,13101,Santiago,347394.81653,6298275.52058
600,990.06250,600.00000,13127,Recoleta,347624.69368,6299639.70290
364,678.75000,364.00000,13118,Macul,351935.14404,6294726.51759
369,793.25000,369.00000,13118,Macul,351901.11139,6294064.79990
423,500.12500,423.00000,13120,Ñuñoa,351064.07329,6295603.40985
443,870.84375,443.00000,13120,Ñuñoa,352280.02799,6295661.06451
444,697.12500,444.00000,13120,Ñuñoa,351793.75470,6295463.28006
365,471.68750,365.00000,13118,Macul,351047.87127,6294414.33681
425,629.75000,425.00000,13120,Ñuñoa,351253.13814,6297964.88843
432,518.56250,432.00000,13120,Ñuñoa,352453.87336,6298330.51567
437,874.25000,437.00000,13120,Ñuñoa,351384.60572,6297448.76937
496,312.50000,496.00000,13123,Providencia,351724.48979,6299834.35967
504,527.37500,504.00000,13123,Providencia,351483.26400,6299056.75740
509,494.18750,509.00000,13123,Providencia,351820.34760,6298421.20779
512,764.71875,512.00000,13123,Providencia,352418.25709,6299137.32877
514,923.81250,514.00000,13123,Providencia,350970.85614,6298629.55322
429,837.43750,429.00000,13120,Ñuñoa,350442.48603,6297678.71916
513,184.93750,513.00000,13123,Providencia,350785.58922,6299421.97198
436,708.43750,436.00000,13120,Ñuñoa,352251.35753,6297479.94839
505,473.78125,505.00000,13123,Providencia,352080.06383,6299403.43354
200,77.18750,200.00000,13110,La Florida,354822.79076,6290005.42201
202,459.75000,202.00000,13110,La Florida,356124.62913,6288886.88558
203,467.87500,203.00000,13110,La Florida,356378.59581,6287500.93867
221,901.62500,221.00000,13110,La Florida,355703.73086,6290240.91614
222,382.81250,222.00000,13110,La Florida,356466.80596,6290251.51914
466,574.25000,466.00000,13122,Peñalolén,355888.19785,6291518.36834
201,656.75000,201.00000,13110,La Florida,354968.30798,6287590.12946
219,603.18750,219.00000,13110,La Florida,354408.37269,6289437.60002
220,85.00000,220.00000,13110,La Florida,354706.21956,6288721.22311
199,460.00000,199.00000,13110,La Florida,354411.27579,6290611.97623
468,661.12500,468.00000,13122,Peñalolén,354393.46870,6291267.86777
475,214.50000,475.00000,13122,Peñalolén,354647.75722,6292745.00953
483,519.50000,483.00000,13122,Peñalolén,353724.06901,6291646.90960
486,968.81250,486.00000,13122,Peñalolén,354390.62729,6292061.36420
212,289.25000,212.00000,13110,La Florida,357723.55350,6289290.15030
268,430.25000,268.00000,13113,La Reina,355712.87157,6297143.41473
270,424.68750,270.00000,13113,La Reina,356347.18288,6299746.91626
272,907.06250,272.00000,13113,La Reina,356629.21980,6297210.20147
273,918.18750,273.00000,13113,La Reina,357347.74975,6297164.61873
274,863.00000,274.00000,13113,La Reina,358141.79464,6298536.76096
276,791.00000,276.00000,13113,La Reina,356538.45145,6299027.88265
277,367.12500,277.00000,13113,La Reina,356387.71791,6298193.70657
278,806.21875,278.00000,13113,La Reina,354277.63532,6296952.21346
279,532.62500,279.00000,13113,La Reina,355112.64305,6296653.60646
280,844.00000,280.00000,13113,La Reina,354910.30104,6297214.30334
285,273.93750,285.00000,13113,La Reina,356203.57012,6297000.92683
478,220.25000,478.00000,13122,Peñalolén,356295.63883,6295634.00467
470,576.90625,470.00000,13122,Peñalolén,353784.37059,6295174.48946
471,465.81250,471.00000,13122,Peñalolén,354029.73356,6296042.75099
472,19.06250,472.00000,13122,Peñalolén,355278.28032,6296056.42557
473,285.68750,473.00000,13122,Peñalolén,354937.90778,6295573.68382
474,981.31250,474.00000,13122,Peñalolén,354699.52962,6295001.50305
488,860.53125,488.00000,13122,Peñalolén,354146.97934,6294411.97132
489,734.93750,489.00000,13122,Peñalolén,354856.39634,6294291.50200
469,785.21875,469.00000,13122,Peñalolén,353609.71711,6294584.73749
439,454.62500,439.00000,13120,Ñuñoa,353377.02159,6296190.15294
267,424.06250,267.00000,13113,La Reina,354591.58530,6298893.63876
269,99.81250,269.00000,13113,La Reina,354374.01294,6299466.34743
281,272.46875,281.00000,13113,La Reina,354083.08786,6298336.09806
282,296.50000,282.00000,13113,La Reina,355067.89990,6298421.37483
283,421.00000,283.00000,13113,La Reina,354437.17193,6297678.44872
435,361.81250,435.00000,13120,Ñuñoa,353561.59669,6298216.60510
284,835.43750,284.00000,13113,La Reina,355350.09573,6297824.87652
265,870.50000,265.00000,13113,La Reina,355393.79447,6299447.01575
271,348.43750,271.00000,13113,La Reina,357049.82870,6296510.01990
479,79.50000,479.00000,13122,Peñalolén,357180.99220,6295491.26056
286,977.62500,286.00000,13113,La Reina,357390.99697,6297942.88610
323,594.78125,323.00000,13114,Las Condes,356691.95464,6300386.05294
306,721.81250,306.00000,13114,Las Condes,353393.94852,6302995.23917
307,991.37500,307.00000,13114,Las Condes,353158.12274,6302286.83934
324,659.25000,324.00000,13115,Lo Barnechea,357199.35443,6307451.09449
666,413.87500,666.00000,13132,Vitacura,352233.44565,6304098.23981
667,253.25000,667.00000,13132,Vitacura,353018.98134,6304514.71984
672,259.00000,672.00000,13132,Vitacura,353546.96785,6305167.05844
674,544.00000,674.00000,13132,Vitacura,355663.33879,6306643.54221
675,947.25000,675.00000,13132,Vitacura,353261.90266,6306544.49660
677,607.06250,677.00000,13132,Vitacura,353032.34318,6303365.47678
678,414.81250,678.00000,13132,Vitacura,352357.54335,6304955.66025
684,437.00000,684.00000,13132,Vitacura,352127.94649,6306332.05075
146,338.75000,146.00000,13107,Huechuraba,349930.81970,6304143.13787
147,319.12500,147.00000,13107,Huechuraba,350020.91178,6305292.44126
148,520.87500,148.00000,13107,Huechuraba,348786.65618,6305955.99616
153,845.25000,153.00000,13107,Huechuraba,348429.91957,6304916.27494
590,101.00000,590.00000,13127,Recoleta,349373.59063,6302862.83173
597,659.43750,597.00000,13127,Recoleta,347586.62717,6303851.30008
598,929.81250,598.00000,13127,Recoleta,347800.72492,6304399.37424
683,677.75000,683.00000,13132,Vitacura,351314.43620,6303377.86372
584,323.25000,584.00000,13127,Recoleta,347739.38570,6303043.82220
586,827.12500,586.00000,13127,Recoleta,348181.13173,6301445.07387
587,970.40625,587.00000,13127,Recoleta,348581.97570,6302599.76665
589,894.93750,589.00000,13127,Recoleta,347634.03337,6302384.01658
591,795.62500,591.00000,13127,Recoleta,348713.50933,6301899.59981
599,111.18750,599.00000,13127,Recoleta,348374.17473,6303628.57483
585,85.48438,585.00000,13127,Recoleta,347416.11535,6301826.89070
595,217.81250,595.00000,13127,Recoleta,347374.80766,6301267.85070
144,752.93750,144.00000,13107,Huechuraba,347222.02386,6305689.84595
145,741.87500,145.00000,13107,Huechuraba,348040.71344,6305714.12189
149,579.43750,149.00000,13107,Huechuraba,348334.41098,6307089.86062
155,272.00000,155.00000,13107,Huechuraba,347464.13723,6306468.69296
156,795.06250,156.00000,13107,Huechuraba,347843.52144,6307223.59309
287,396.62500,287.00000,13114,Las Condes,351682.85547,6301925.65272
288,404.81250,288.00000,13114,Las Condes,352029.08376,6301213.34083
682,732.87500,682.00000,13132,Vitacura,351957.61087,6303002.46635
295,49.50000,295.00000,13114,Las Condes,356167.34396,6301832.35081
297,894.00000,297.00000,13114,Las Condes,356443.91317,6303057.91101
299,886.34375,299.00000,13114,Las Condes,356438.57654,6304423.41916
313,903.43750,313.00000,13114,Las Condes,355799.16763,6303971.96622
314,764.87500,314.00000,13114,Las Condes,357158.12488,6303604.19235
315,265.25000,315.00000,13114,Las Condes,357262.78883,6304544.33353
317,259.23438,317.00000,13114,Las Condes,356085.67404,6303640.50395
319,988.31250,319.00000,13114,Las Condes,355563.16167,6302868.40971
669,473.62500,669.00000,13132,Vitacura,354217.98382,6304076.81497
670,78.09375,670.00000,13132,Vitacura,355325.34884,6304339.63492
671,642.75000,671.00000,13132,Vitacura,355080.50680,6304670.20633
679,670.25000,679.00000,13132,Vitacura,354801.01841,6305023.16681
680,772.25000,680.00000,13132,Vitacura,355945.09764,6305401.83552
292,584.00000,292.00000,13114,Las Condes,354011.78903,6301743.22958
296,836.87500,296.00000,13114,Las Condes,355032.82278,6301902.92742
300,242.81250,300.00000,13114,Las Condes,354897.70229,6303685.41887
312,80.87500,312.00000,13114,Las Condes,354906.91323,6302959.18697
321,75.37500,321.00000,13114,Las Condes,354291.20857,6303142.99126
320,974.48438,320.00000,13114,Las Condes,353753.13232,6302714.27016
668,552.71875,668.00000,13132,Vitacura,353526.51933,6303923.49517
676,322.62500,676.00000,13132,Vitacura,354508.67457,6305498.40918
309,811.56250,309.00000,13114,Las Condes,357128.04156,6301876.45016
673,774.90625,673.00000,13132,Vitacura,357890.27104,6305856.61916
681,50.25000,681.00000,13132,Vitacura,356707.10948,6305392.16502
325,925.50000,325.00000,13115,Lo Barnechea,355893.63818,6310514.88658
332,618.00000,332.00000,13115,Lo Barnechea,357577.65365,6310361.60712
335,582.31250,335.00000,13115,Lo Barnechea,357666.59859,6309927.18154
730,338.50000,730.00000,13301,Colina,347542.68225,6317090.95215
731,469.25000,731.00000,13301,Colina,347124.20700,6318252.06445
737,619.50000,737.00000,13301,Colina,344351.57470,6324736.20104
738,779.00000,738.00000,13301,Colina,344572.89128,6326443.39481
735,425.50000,735.00000,13301,Colina,340864.50655,6318804.17860
736,73.00000,736.00000,13301,Colina,344095.06141,6321853.03816
741,376.00000,741.00000,13301,Colina,341720.19957,6324834.31851
748,988.50000,748.00000,13302,Lampa,336114.33466,6319964.06116
739,875.00000,739.00000,13301,Colina,338177.87364,6319189.31373
733,778.00000,733.00000,13301,Colina,344124.98261,6317723.16140
734,864.00000,734.00000,13301,Colina,342647.23492,6318167.81300
732,735.25000,732.00000,13301,Colina,345198.03351,6317043.03804
328,352.00000,328.00000,13115,Lo Barnechea,371954.34372,6309347.70797
329,399.50000,329.00000,13115,Lo Barnechea,360771.30404,6309772.49051
330,167.75000,330.00000,13115,Lo Barnechea,360233.38672,6308126.45098
301,681.25000,301.00000,13114,Las Condes,360736.89057,6304267.47865
311,177.75000,311.00000,13114,Las Condes,361517.44859,6306565.49751
318,252.50000,318.00000,13114,Las Condes,361232.51176,6302894.10339
